-- MySQL Script generated by MySQL Workbench
-- Sun Dec 19 16:57:39 2021
-- Model: New Model    Version: 1.0
-- MySQL Workbench Forward Engineering

SET @OLD_UNIQUE_CHECKS=@@UNIQUE_CHECKS, UNIQUE_CHECKS=0;
SET @OLD_FOREIGN_KEY_CHECKS=@@FOREIGN_KEY_CHECKS, FOREIGN_KEY_CHECKS=0;
SET @OLD_SQL_MODE=@@SQL_MODE, SQL_MODE='ONLY_FULL_GROUP_BY,STRICT_TRANS_TABLES,NO_ZERO_IN_DATE,NO_ZERO_DATE,ERROR_FOR_DIVISION_BY_ZERO,NO_ENGINE_SUBSTITUTION';

-- -----------------------------------------------------
-- Schema bookstore
-- -----------------------------------------------------
DROP SCHEMA IF EXISTS `bookstore` ;

-- -----------------------------------------------------
-- Schema bookstore
-- -----------------------------------------------------
CREATE SCHEMA IF NOT EXISTS `bookstore` DEFAULT CHARACTER SET utf8 ;
USE `bookstore` ;

-- -----------------------------------------------------
-- Table `bookstore`.`Publisher`
-- -----------------------------------------------------
DROP TABLE IF EXISTS `bookstore`.`Publisher` ;

CREATE TABLE IF NOT EXISTS `bookstore`.`Publisher` (
  `ID` INT NOT NULL,
  `Name` VARCHAR(45) NOT NULL,
  `Address` VARCHAR(50) NULL,
  `Postal_code` VARCHAR(6) NOT NULL,
  `Province` VARCHAR(25) NULL,
  `Phone_no` VARCHAR(45) NULL,
  `Banking` VARCHAR(20) NOT NULL,
  `E-mail` VARCHAR(39) NOT NULL,
  PRIMARY KEY (`ID`),
  UNIQUE INDEX `ID_UNIQUE` (`ID` ASC) VISIBLE,
  UNIQUE INDEX `E-mail_UNIQUE` (`E-mail` ASC) VISIBLE)
ENGINE = InnoDB;


-- -----------------------------------------------------
-- Table `bookstore`.`Book`
-- -----------------------------------------------------
DROP TABLE IF EXISTS `bookstore`.`Book` ;

CREATE TABLE IF NOT EXISTS `bookstore`.`Book` (
  `Title` VARCHAR(45) NOT NULL,
  `Author` VARCHAR(45) NOT NULL,
  `Price` DECIMAL(5,2) NULL DEFAULT 0.0,
  `ISBN` BIGINT(13) NOT NULL,
  `Publisher` INT NULL DEFAULT NULL,
  `Genre` VARCHAR(45) NULL DEFAULT 'No Genre',
  `Pages_number` INT ZEROFILL NULL,
  `Stock` INT NULL DEFAULT 20,
  PRIMARY KEY (`ISBN`),
  INDEX `Publisher_idx` (`Publisher` ASC) VISIBLE,
  CONSTRAINT `Publisher`
    FOREIGN KEY (`Publisher`)
    REFERENCES `bookstore`.`Publisher` (`ID`)
    ON DELETE NO ACTION
    ON UPDATE NO ACTION)
ENGINE = InnoDB;


-- -----------------------------------------------------
-- Table `bookstore`.`Report`
-- -----------------------------------------------------
DROP TABLE IF EXISTS `bookstore`.`Report` ;

CREATE TABLE IF NOT EXISTS `bookstore`.`Report` (
  `Sale` DECIMAL(7,2) ZEROFILL NULL,
  `Expenditure` DECIMAL(7,2) ZEROFILL NULL,
  `Date` DATE NOT NULL)
ENGINE = InnoDB;


-- -----------------------------------------------------
-- Table `bookstore`.`Orders`
-- -----------------------------------------------------
DROP TABLE IF EXISTS `bookstore`.`Orders` ;

CREATE TABLE IF NOT EXISTS `bookstore`.`Orders` (
  `ID` VARCHAR(8) NOT NULL,
  `Book_ISBN` BIGINT(13) NOT NULL,
  `Quantity` INT NULL,
  `Address` VARCHAR(45) NOT NULL,
  `Postal` VARCHAR(6) NOT NULL,
  `Province` VARCHAR(15) NOT NULL,
  `Order_placed_on` DATE NOT NULL,
  PRIMARY KEY (`ID`, `Book_ISBN`),
  INDEX `ISBN_idx` (`Book_ISBN` ASC) VISIBLE,
  CONSTRAINT `ISBN`
    FOREIGN KEY (`Book_ISBN`)
    REFERENCES `bookstore`.`Book` (`ISBN`)
    ON DELETE CASCADE
    ON UPDATE NO ACTION)
ENGINE = InnoDB;


-- -----------------------------------------------------
-- Table `bookstore`.`User`
-- -----------------------------------------------------
DROP TABLE IF EXISTS `bookstore`.`User` ;

CREATE TABLE IF NOT EXISTS `bookstore`.`User` (
  `ID` INT NOT NULL,
  `Name` VARCHAR(45) NOT NULL,
  `Address` VARCHAR(50) NULL,
  `Postal` VARCHAR(6) NULL,
  `Province` VARCHAR(15) NULL,
  `Username` VARCHAR(20) NOT NULL,
  `Password` VARCHAR(15) NOT NULL,
  PRIMARY KEY (`ID`),
  UNIQUE INDEX `Username_UNIQUE` (`Username` ASC) VISIBLE)
ENGINE = InnoDB;


-- -----------------------------------------------------
-- Table `bookstore`.`Owners`
-- -----------------------------------------------------
DROP TABLE IF EXISTS `bookstore`.`Owners` ;

CREATE TABLE IF NOT EXISTS `bookstore`.`Owners` (
  `Name` VARCHAR(40) NOT NULL,
  `Username` VARCHAR(20) NOT NULL,
  `Password` VARCHAR(20) NOT NULL,
  PRIMARY KEY (`Username`),
  UNIQUE INDEX `Username_UNIQUE` (`Username` ASC) VISIBLE)
ENGINE = InnoDB;


SET SQL_MODE=@OLD_SQL_MODE;
SET FOREIGN_KEY_CHECKS=@OLD_FOREIGN_KEY_CHECKS;
SET UNIQUE_CHECKS=@OLD_UNIQUE_CHECKS;

-- -----------------------------------------------------
-- Data for table `bookstore`.`Publisher`
-- -----------------------------------------------------
START TRANSACTION;
USE `bookstore`;
INSERT INTO `bookstore`.`Publisher` (`ID`, `Name`, `Address`, `Postal_code`, `Province`, `Phone_no`, `Banking`, `E-mail`) VALUES (1001, 'Random1', '12, Street 1', 'L6V4RS', 'Ontario', '4385884564', 'A4656545', 'random1@fakemail.com');
INSERT INTO `bookstore`.`Publisher` (`ID`, `Name`, `Address`, `Postal_code`, `Province`, `Phone_no`, `Banking`, `E-mail`) VALUES (1002, 'Scholors', '14, Street 2', 'L6R5ST', 'Ontario', '4388434865', 'A4623456', 'scholor@fakemail.com');
INSERT INTO `bookstore`.`Publisher` (`ID`, `Name`, `Address`, `Postal_code`, `Province`, `Phone_no`, `Banking`, `E-mail`) VALUES (1003, 'Penguin', 'H-13, Main Square', 'M67ST6', 'Ontario', '4388456485', 'B4657878', 'penguin@fakermail.com');
INSERT INTO `bookstore`.`Publisher` (`ID`, `Name`, `Address`, `Postal_code`, `Province`, `Phone_no`, `Banking`, `E-mail`) VALUES (1004, 'Random2', 'Carleton Court,13', 'HE7Z78', 'Quebec', '7381546845', 'B4677879', 'random2@fakermai.com');
INSERT INTO `bookstore`.`Publisher` (`ID`, `Name`, `Address`, `Postal_code`, `Province`, `Phone_no`, `Banking`, `E-mail`) VALUES (1005, 'GoodReads', 'Hector Drive', 'Z9YH81', 'British Columbia', '2648744861', 'C2452232', 'customer@goodreads.com');
INSERT INTO `bookstore`.`Publisher` (`ID`, `Name`, `Address`, `Postal_code`, `Province`, `Phone_no`, `Banking`, `E-mail`) VALUES (1006, 'Comicstan', 'H-15,Kings Road', 'F12Z8B', 'British Columbia', '2648742862', 'A4668687', 'customer@comicstan.com');
INSERT INTO `bookstore`.`Publisher` (`ID`, `Name`, `Address`, `Postal_code`, `Province`, `Phone_no`, `Banking`, `E-mail`) VALUES (1007, 'Harper Collins', '4 Sector Road', '8A9BA7', 'Nova Scotia', '3648794314', 'B4668599', 'harperCollins@gmail.com');
INSERT INTO `bookstore`.`Publisher` (`ID`, `Name`, `Address`, `Postal_code`, `Province`, `Phone_no`, `Banking`, `E-mail`) VALUES (1008, 'Scholastic', '17, Street Z', 'KS8VS9', 'Quebec', '7389844895', 'D2455768', 'contact_us@scholastic.com');

COMMIT;


-- -----------------------------------------------------
-- Data for table `bookstore`.`Book`
-- -----------------------------------------------------
START TRANSACTION;
USE `bookstore`;
INSERT INTO `bookstore`.`Book` (`Title`, `Author`, `Price`, `ISBN`, `Publisher`, `Genre`, `Pages_number`, `Stock`) VALUES ('Sea of Monster', 'Rick Riordan', 39.99, 10000001, 1001, 'Mythology', 432, 20);
INSERT INTO `bookstore`.`Book` (`Title`, `Author`, `Price`, `ISBN`, `Publisher`, `Genre`, `Pages_number`, `Stock`) VALUES ('Lightining Thief', 'Rick Riordan ', 35.99, 10000002, 1001, 'Mythology', 369, 20);
INSERT INTO `bookstore`.`Book` (`Title`, `Author`, `Price`, `ISBN`, `Publisher`, `Genre`, `Pages_number`, `Stock`) VALUES ('The Key to the heart', 'Amleia Jonas', 25.50, 10000003, 1002, 'Romance', 270, 20);
INSERT INTO `bookstore`.`Book` (`Title`, `Author`, `Price`, `ISBN`, `Publisher`, `Genre`, `Pages_number`, `Stock`) VALUES ('The Bourne Legacy', 'Eric Van Lustbader', 25.00, 10000004, 1003, 'Action', 350, 20);
INSERT INTO `bookstore`.`Book` (`Title`, `Author`, `Price`, `ISBN`, `Publisher`, `Genre`, `Pages_number`, `Stock`) VALUES ('The Russian Assassin', 'Jack Arbor', 30.99, 10000005, 1004, 'Action', 366, 20);
INSERT INTO `bookstore`.`Book` (`Title`, `Author`, `Price`, `ISBN`, `Publisher`, `Genre`, `Pages_number`, `Stock`) VALUES ('Percy Jackson and the Olympians (set of 5)', 'Rick Riordan', 100.00, 10000006, 1001, 'Mythology', NULL, 20);
INSERT INTO `bookstore`.`Book` (`Title`, `Author`, `Price`, `ISBN`, `Publisher`, `Genre`, `Pages_number`, `Stock`) VALUES ('The Sentinal', 'Lee Child', 18.89, 10000007, 1002, 'Action', 464, 20);
INSERT INTO `bookstore`.`Book` (`Title`, `Author`, `Price`, `ISBN`, `Publisher`, `Genre`, `Pages_number`, `Stock`) VALUES ('American Gods', 'Neil Gaiman', 20.99, 10000008, 1003, 'Action', 560, 20);
INSERT INTO `bookstore`.`Book` (`Title`, `Author`, `Price`, `ISBN`, `Publisher`, `Genre`, `Pages_number`, `Stock`) VALUES ('The Odyssey', 'Homer', 12.45, 10000009, 1004, 'Mythology', 345, 20);
INSERT INTO `bookstore`.`Book` (`Title`, `Author`, `Price`, `ISBN`, `Publisher`, `Genre`, `Pages_number`, `Stock`) VALUES ('The Stranger in the Lifeboat', 'Mitch Albom', 17.99, 10000010, 1001, 'Fiction', 450, 20);
INSERT INTO `bookstore`.`Book` (`Title`, `Author`, `Price`, `ISBN`, `Publisher`, `Genre`, `Pages_number`, `Stock`) VALUES ('The Hare', 'Milanie Finn', 25.15, 10000011, 1003, 'Fiction', 378, 20);
INSERT INTO `bookstore`.`Book` (`Title`, `Author`, `Price`, `ISBN`, `Publisher`, `Genre`, `Pages_number`, `Stock`) VALUES ('It Ends With Us', 'Colleen Hoover', 10.99, 10000012, 1003, 'Romance', 189, 20);
INSERT INTO `bookstore`.`Book` (`Title`, `Author`, `Price`, `ISBN`, `Publisher`, `Genre`, `Pages_number`, `Stock`) VALUES ('Vision in White', 'Nora Roberts', 7.89, 10000013, 1004, 'Romance', 200, 20);
INSERT INTO `bookstore`.`Book` (`Title`, `Author`, `Price`, `ISBN`, `Publisher`, `Genre`, `Pages_number`, `Stock`) VALUES ('Not A Happy Family', 'Shari Lapena', 25.00, 10000014, 1002, 'Thriller', 378, 20);
INSERT INTO `bookstore`.`Book` (`Title`, `Author`, `Price`, `ISBN`, `Publisher`, `Genre`, `Pages_number`, `Stock`) VALUES ('The Push', 'Ashley Audrain', 18.99, 10000015, 1001, 'Thriller', 379, 20);
INSERT INTO `bookstore`.`Book` (`Title`, `Author`, `Price`, `ISBN`, `Publisher`, `Genre`, `Pages_number`, `Stock`) VALUES ('Cytonic', 'Brandan Sanderson', 20.50, 10000016, 1005, 'Sci-Fi', 408, 20);
INSERT INTO `bookstore`.`Book` (`Title`, `Author`, `Price`, `ISBN`, `Publisher`, `Genre`, `Pages_number`, `Stock`) VALUES ('The Every', 'Dave Eggers', 20.15, 10000017, 1005, 'Sci-Fi', 478, 20);
INSERT INTO `bookstore`.`Book` (`Title`, `Author`, `Price`, `ISBN`, `Publisher`, `Genre`, `Pages_number`, `Stock`) VALUES ('Fated Blades', 'Ilona Andrews', 25.99, 10000018, 1005, 'Sci-Fi', 650, 20);
INSERT INTO `bookstore`.`Book` (`Title`, `Author`, `Price`, `ISBN`, `Publisher`, `Genre`, `Pages_number`, `Stock`) VALUES ('Hungry For More', 'Chrissy Teigen', 16.79, 10000019, 1002, 'Cook Book', 340, 20);
INSERT INTO `bookstore`.`Book` (`Title`, `Author`, `Price`, `ISBN`, `Publisher`, `Genre`, `Pages_number`, `Stock`) VALUES ('The Blue Lotus (TinTin)', 'Herge', 25.99, 10000020, 1006, 'Adventure', 100, 20);
INSERT INTO `bookstore`.`Book` (`Title`, `Author`, `Price`, `ISBN`, `Publisher`, `Genre`, `Pages_number`, `Stock`) VALUES ('The Broken Ear (TinTin)', 'Herge', 25.99, 10000021, 1006, 'Adventure', 110, 20);
INSERT INTO `bookstore`.`Book` (`Title`, `Author`, `Price`, `ISBN`, `Publisher`, `Genre`, `Pages_number`, `Stock`) VALUES ('TinTin In America', 'Herge', 25.99, 10000022, 1006, 'Adventure', 108, 20);
INSERT INTO `bookstore`.`Book` (`Title`, `Author`, `Price`, `ISBN`, `Publisher`, `Genre`, `Pages_number`, `Stock`) VALUES ('Divergent', 'Veronica Roth', 32.00, 10000023, 1007, 'Fiction', 420, 20);
INSERT INTO `bookstore`.`Book` (`Title`, `Author`, `Price`, `ISBN`, `Publisher`, `Genre`, `Pages_number`, `Stock`) VALUES ('The Chocolate Chase', 'Elisabetta Dami', 28.99, 10000024, 1008, 'Children', 197, 20);
INSERT INTO `bookstore`.`Book` (`Title`, `Author`, `Price`, `ISBN`, `Publisher`, `Genre`, `Pages_number`, `Stock`) VALUES ('The Journey Through Time', 'Elisabetta Dami', 29.99, 10000025, 1008, 'Children', 214, 20);
INSERT INTO `bookstore`.`Book` (`Title`, `Author`, `Price`, `ISBN`, `Publisher`, `Genre`, `Pages_number`, `Stock`) VALUES ('Four Mice Deep In The Jungle', 'Elisabetta Dami', 27.99, 10000026, 1008, 'Children', 178, 20);
INSERT INTO `bookstore`.`Book` (`Title`, `Author`, `Price`, `ISBN`, `Publisher`, `Genre`, `Pages_number`, `Stock`) VALUES ('The Christmas Pig', 'JK Rowling', 28.99, 10000027, 1004, 'Children', 198, 20);

COMMIT;


-- -----------------------------------------------------
-- Data for table `bookstore`.`Report`
-- -----------------------------------------------------
START TRANSACTION;
USE `bookstore`;
INSERT INTO `bookstore`.`Report` (`Sale`, `Expenditure`, `Date`) VALUES (234.59, 125.50, '2021-12-14');
INSERT INTO `bookstore`.`Report` (`Sale`, `Expenditure`, `Date`) VALUES (180.60, 150.23, '2021-12-15');
INSERT INTO `bookstore`.`Report` (`Sale`, `Expenditure`, `Date`) VALUES (140.50, 180.34, '2021-12-16');
INSERT INTO `bookstore`.`Report` (`Sale`, `Expenditure`, `Date`) VALUES (175.00, 110.15, '2021-12-17');

COMMIT;


-- -----------------------------------------------------
-- Data for table `bookstore`.`Orders`
-- -----------------------------------------------------
START TRANSACTION;
USE `bookstore`;
INSERT INTO `bookstore`.`Orders` (`ID`, `Book_ISBN`, `Quantity`, `Address`, `Postal`, `Province`, `Order_placed_on`) VALUES ('OR1234', 10000007, 1, '2 Helena Court', 'L6S4VR', 'Ontario', '2021-12-17');
INSERT INTO `bookstore`.`Orders` (`ID`, `Book_ISBN`, `Quantity`, `Address`, `Postal`, `Province`, `Order_placed_on`) VALUES ('OR1234', 10000001, 1, '2 Helena Court', 'L6S4VR', 'Ontario', '2021-12-17');
INSERT INTO `bookstore`.`Orders` (`ID`, `Book_ISBN`, `Quantity`, `Address`, `Postal`, `Province`, `Order_placed_on`) VALUES ('OR567', 10000020, 1, '2012,Medowland', 'K7S5RT', 'Ontario', '2021-12-16');

COMMIT;


-- -----------------------------------------------------
-- Data for table `bookstore`.`User`
-- -----------------------------------------------------
START TRANSACTION;
USE `bookstore`;
INSERT INTO `bookstore`.`User` (`ID`, `Name`, `Address`, `Postal`, `Province`, `Username`, `Password`) VALUES (101, 'User1', '12,Street1', 'K5S6B6', 'Ontario', 'username1', 'password1');
INSERT INTO `bookstore`.`User` (`ID`, `Name`, `Address`, `Postal`, `Province`, `Username`, `Password`) VALUES (102, 'User2', '14,Street1', 'K65STR', 'Ontario', 'username2', 'password2');
INSERT INTO `bookstore`.`User` (`ID`, `Name`, `Address`, `Postal`, `Province`, `Username`, `Password`) VALUES (103, 'User3', '16, Main Square', 'V5R6TR', 'Quebec', 'username3', 'password3');

COMMIT;


-- -----------------------------------------------------
-- Data for table `bookstore`.`Owners`
-- -----------------------------------------------------
START TRANSACTION;
USE `bookstore`;
INSERT INTO `bookstore`.`Owners` (`Name`, `Username`, `Password`) VALUES ('Namish', 'Namish', '3005');
INSERT INTO `bookstore`.`Owners` (`Name`, `Username`, `Password`) VALUES ('Instructor', 'Instructor', '3005rocks');

COMMIT;

